{
    "Player": {
        "DropATKCountFrame : フレーム数長押しで落下": 20,
        "HP : ヒットポイント": 10,
        "LeftArm : 左腕座標": [
            -1.7000000476837158,
            0.0,
            0.0
        ],
        "LeftFoot : 左足座標": [
            -0.800000011920929,
            -1.5,
            2.0
        ],
        "RightArm : 右腕座標": [
            1.7000000476837158,
            0.0,
            0.0
        ],
        "RightFoot : 右足座標": [
            0.800000011920929,
            -1.5,
            2.0
        ],
        "body : 身体座標": [
            0.0,
            -0.75,
            1.0
        ],
        "glideAngle : 移動時の傾き量": 5.0,
        "gravity : 重力": 0.35,
        "head : 頭座標": [
            0.0,
            0.5,
            -0.4
        ],
        "jumpForce : ジャンプパワー": 0.015,
        "wide : 半径": 1.0,
        "x-axisSPD : 横移動最大速度": 0.3
    }
}
